77867428,Agua Ozarka Texas 8 fl oz Paquete de 48 Botellas de Plástico,Agua Ozarka Texas 8 fl oz Paquete de 48 Botellas de Plástico,77867428
77687079,Aji Panca Seco sin pepa 2.04kg,Aji Panca Seco sin pepa 2.04kg,77687079
77732377,AjiNomoto Bolsa 1Kg x 18,AjiNomoto Bolsa 1Kg x 18,77732377
77164391,Ajinomoto Bolsa 250gr x 60,Ajinomoto Bolsa 250gr x 60,77164391
77755049,AjiNomoto Bolsa 500g x 30,AjiNomoto Bolsa 500g x 30,77755049
77739024,AJINOSIYAO 500ml x 24,AJINOSIYAO 500ml x 24,77739024
77177011,Arrocito Atomico 150gr x 20 (5.3oz)  x 20,Arrocito Atomico 150gr x 20 (5.3oz)  x 20,77177011
77917115,Atun Florida Solido en aceite 6 oz X 48,Atun Florida Solido en aceite 6 oz X 48,77917115
77401688,Belmont Aceituna Bidon 104oz x 6,Belmont Aceituna Bidon 104oz x 6,77401688
77185650,Belmont Aceituna Botija 20oz x 12,Belmont Aceituna Botija 20oz x 12,77185650
77268225,Belmont Aderezo de Anticucho 16oz x 12,Belmont Aderezo de Anticucho 16oz x 12,77268225
77808222,Belmont Aji Amarillo desvenado FROZEN  12oz  x 10,Belmont Aji Amarillo desvenado FROZEN  12oz  x 10,77808222
77585457,Belmont Aji Amarillo desvenado FROZEN  2Lb x 8,Belmont Aji Amarillo desvenado FROZEN  2Lb x 8,77585457
77230643,Belmont Aji Amarillo en Salmuera 20oz x 12,Belmont Aji Amarillo en Salmuera 20oz x 12,77230643
77912822,Belmont Aji Amarillo entero 1Lb x 18 FROZEN,Belmont Aji Amarillo entero 1Lb x 18 FROZEN,77912822
77383655,Belmont Aji Amarillo pasta 16oz x 12,Belmont Aji Amarillo pasta 16oz x 12,77383655
77792334,Belmont Aji Amarillo pasta 8oz x 12,Belmont Aji Amarillo pasta 8oz x 12,77792334
77858770,Belmont Aji Limo 14oz x 9 FROZEN,Belmont Aji Limo 14oz x 9 FROZEN,77858770
77234173,Belmont Aji Panca pasta 16Oz x 12,Belmont Aji Panca pasta 16Oz x 12,77234173
77299032,Belmont Aji Panca pasta 8oz x 12,Belmont Aji Panca pasta 8oz x 12,77299032
77066651,Belmont Aji Panca pasta Bidon 7Lb,Belmont Aji Panca pasta Bidon 7Lb,77066651
77015025,Belmont Chicha de Jora,Belmont Chicha de Jora,77015025
77987282,Belmont Chicha Morada 16oz x 12,Belmont Chicha Morada 16oz x 12,77987282
77774778,Belmont Chicha Morada 1Lt x 6,Belmont Chicha Morada 1Lt x 6,77774778
77884633,Belmont Chifles Piuranos 125gr x 20,Belmont Chifles Piuranos 125gr x 20,77884633
77890953,Belmont Chifles Piuranos 250gr x 10,Belmont Chifles Piuranos 250gr x 10,77890953
77093109,Belmont Chirimoya pulpa 14oz x 20,Belmont Chirimoya pulpa 14oz x 20,77093109
77953164,Belmont Choclo desgranado 1Lb x 30 FROZEN,Belmont Choclo desgranado 1Lb x 30 FROZEN,77953164
77132996,Belmont Choclo Desgranado 3Lb x 10,Belmont Choclo Desgranado 3Lb x 10,77132996
77193730,Belmont Concentrado Chicha Morada  64oz x 6,Belmont Concentrado Chicha Morada  64oz x 6,77193730
77931436,Belmont Culantro pasta 8oz x 12,Belmont Culantro pasta 8oz x 12,77931436
77262722,Belmont Emoliente bebida 16oz x 12,Belmont Emoliente bebida 16oz x 12,77262722
77126562,Belmont Galleta Cream Crackers 258gr x 24,Belmont Galleta Cream Crackers 258gr x 24,77126562
77735944,Belmont Habas Secas Peladas 15oz x 12,Belmont Habas Secas Peladas 15oz x 12,77735944
77886962,Belmont Harina de Camote 15oz x 12,Belmont Harina de Camote 15oz x 12,77886962
77889656,Belmont jugo de Maracuya 16oz x 12,Belmont jugo de Maracuya 16oz x 12,77889656
77590489,Belmont jugo de Maracuya 1Lt x 6,Belmont jugo de Maracuya 1Lt x 6,77590489
77819465,Belmont Maiz Cancha 15oz x 12,Belmont Maiz Cancha 15oz x 12,77819465
77343148,Belmont Maiz Chulpe 15oz x 12,Belmont Maiz Chulpe 15oz x 12,77343148
77062002,Belmont Maiz Morado x 15oz,Belmont Maiz Morado x 15oz,77062002
77966116,Belmont Mango Nectar,Belmont Mango Nectar,77966116
77946707,Belmont Mango nectar 1Lt x 6,Belmont Mango nectar 1Lt x 6,77946707
77479820,Belmont Maracuya con pepas FROZEN 1Kg x 16,Belmont Maracuya con pepas FROZEN 1Kg x 16,77479820
77328954,Belmont Pallares 15oz x 14,Belmont Pallares 15oz x 14,77328954
77696783,Belmont Pulpa de Lucuma,Belmont Pulpa de Lucuma,77696783
77155035,Belmont Pulpa de Maracuya 14oz x 20,Belmont Pulpa de Maracuya 14oz x 20,77155035
77783727,Belmont Rocoto Desvenado limpio FROZEN 2lb x 10,Belmont Rocoto Desvenado limpio FROZEN 2lb x 10,77783727
77278600,Belmont Rocoto en salmuera 20oz x 12,Belmont Rocoto en salmuera 20oz x 12,77278600
77197430,Belmont Rocoto entero FROZEN,Belmont Rocoto entero FROZEN,77197430
77014921,Belmont Yuyo Marino FROZEN 2.2lb x 8,Belmont Yuyo Marino FROZEN 2.2lb x 8,77014921
77497498,CASINO Galleta Chocolate 51gr x 6 x 8,CASINO Galleta Chocolate 51gr x 6 x 8,77497498
77471467,CASINO Galleta Fresa  51gr x 6 x 8,CASINO Galleta Fresa  51gr x 6 x 8,77471467
77931598,CASINO Galleta Lucuma 51gr x 6 x 8,CASINO Galleta Lucuma 51gr x 6 x 8,77931598
77686563,CASINO Galleta Menta 51gr x 6 x 8,CASINO Galleta Menta 51gr x 6 x 8,77686563
77773364,Chocman 30G 6 x 14,Chocman 30G 6 x 14,77773364
77294447,Chocman Doble Manjar 53gr x 8 x 6,Chocman Doble Manjar 53gr x 8 x 6,77294447
77158450,Chocolate Cuzco con canela y clavo  4 x 12,Chocolate Cuzco con canela y clavo  4 x 12,77158450
77229020,Chocolate Cuzco regular  4 x 12,Chocolate Cuzco regular  4 x 12,77229020
77866063,Chocolate Triangulo x 22,Chocolate Triangulo x 22,77866063
77008964,Coco Milk Drink with Nata de Coco MANGO,Coco Milk Drink with Nata de Coco MANGO,77008964
77151841,Coco Milk Drink with Nata de Coco ORIGINAL,Coco Milk Drink with Nata de Coco ORIGINAL,77151841
77545223,Coco Milk Drink with Nata de Coco STRAWBERRY,Coco Milk Drink with Nata de Coco STRAWBERRY,77545223
77985222,Conaprole - Dulce de Leche - Milk Caramel Spread,Conaprole - Dulce de Leche - Milk Caramel Spread,77985222
77393737,CORONITA - Galleta de Chocolate x 6 x 28,CORONITA - Galleta de Chocolate x 6 x 28,77393737
77956138,Cua Cua 9 x 24,Cua Cua 9 x 24,77956138
77096542,DEL VALLE - Boldo Filtrante 25gr x 25 x 32,DEL VALLE - Boldo Filtrante 25gr x 25 x 32,77096542
77818740,DEL VALLE - Chancapiedra filtrante 25 x 32,DEL VALLE - Chancapiedra filtrante 25 x 32,77818740
77297950,DEL VALLE  Una de Gato filtrante 25 x 32,DEL VALLE  Una de Gato filtrante 25 x 32,77297950
77937535,Display Strip,Display Strip,77937535
77579366,Doña Pepa 23gr 6 x 36,Doña Pepa 23gr 6 x 36,77579366
77175298,D'Onofrio Chocolate Sublime 26 G x 24,D'Onofrio Chocolate Sublime 26 G x 24,77175298
77840570,ECCO - Café instantaneo de Cebada -Barley Instant Coffee,ECCO - Café instantaneo de Cebada -Barley Instant Coffee,77840570
77917050,EL TRIUNFO Fideo Chino - Chinese Noodles 250gr x 30,EL TRIUNFO Fideo Chino - Chinese Noodles 250gr x 30,77917050
77410315,Fideos San Jorge Cabello De Angel 250gr x 40,Fideos San Jorge Cabello De Angel 250gr x 40,77410315
77488568,Fideos San Jorge Caracol 250gr x 20,Fideos San Jorge Caracol 250gr x 20,77488568
77054041,Fideos San Jorge Letras y Numeros 250gr x 20,Fideos San Jorge Letras y Numeros 250gr x 20,77054041
77409119,Fideos San Jorge Spaguetti 500 G X 20,Fideos San Jorge Spaguetti 500 G X 20,77409119
77351214,Fideos San Jorge Tallarin 500gr x  20,Fideos San Jorge Tallarin 500gr x  20,77351214
77337392,FIELD - Chocosoda Galletas 6 x 32,FIELD - Chocosoda Galletas 6 x 32,77337392
77306404,FIELD - Galletas de Soda 34gr x 6 x 36,FIELD - Galletas de Soda 34gr x 6 x 36,77306404
77595718,FIELD - Galletas de Vainilla 37 gr x 6 x 24,FIELD - Galletas de Vainilla 37 gr x 6 x 24,77595718
77567210,Galleta Charada Field 40gr x 6 x 28,Galleta Charada Field 40gr x 6 x 28,77567210
77493894,Galleta Chomp Naranja Victoria 42gr x 6 x 8,Galleta Chomp Naranja Victoria 42gr x 6 x 8,77493894
77363659,Galleta Club Social 6 x 32,Galleta Club Social 6 x 32,77363659
77647860,Galleta Municion San Jorge 1.94oz (55gr) x 25,Galleta Municion San Jorge 1.94oz (55gr) x 25,77647860
77545744,Galletas Chomp Chocolate 42gr x 6 x 8,Galletas Chomp Chocolate 42gr x 6 x 8,77545744
77792914,Galletas Margarita Sayon 6 x 8 pack,Galletas Margarita Sayon 6 x 8 pack,77792914
77082499,Galletas Morochas 30gr 12 x 22,Galletas Morochas 30gr 12 x 22,77082499
77391978,Galletas Morochas 30gr 6x 30,Galletas Morochas 30gr 6x 30,77391978
77461643,Gelatina Universal Durazno / Peach Gelatin 150gr x 12,Gelatina Universal Durazno / Peach Gelatin 150gr x 12,77461643
77493976,Gelatina Universal Fresa / Strawberry Gelatin 150gr x 12,Gelatina Universal Fresa / Strawberry Gelatin 150gr x 12,77493976
77605367,Gelatina Universal Naranja / Orange Gelatin 150gr x 12,Gelatina Universal Naranja / Orange Gelatin 150gr x 12,77605367
77476018,Gelatina Universal Piña / Pineapple Gelatin 150gr x 12,Gelatina Universal Piña / Pineapple Gelatin 150gr x 12,77476018
77555032,Glacitas Chocolate 32gr 6 x 8,Glacitas Chocolate 32gr 6 x 8,77555032
77306968,Glacitas Choconieve 32gr 6 x 8,Glacitas Choconieve 32gr 6 x 8,77306968
77337420,Glacitas Fresa 32gr 6 x 8,Glacitas Fresa 32gr 6 x 8,77337420
77133726,Glacitas Toffee 32gr 6 x 8,Glacitas Toffee 32gr 6 x 8,77133726
77451962,Gloria Chicha Morada 1Lt x 12 TETRAPACK,Gloria Chicha Morada 1Lt x 12 TETRAPACK,77451962
77881063,Gn Rellenitas Choco y Fresa x 8 x 5,Gn Rellenitas Choco y Fresa x 8 x 5,77881063
77541833,Gn Rellenitas Choco y Menta x 8 x 5,Gn Rellenitas Choco y Menta x 8 x 5,77541833
77967711,Gn Rellenitas Coco x 8 x 5,Gn Rellenitas Coco x 8 x 5,77967711
77323583,Gn Rellenitas Fresa x 8 x 5 pack,Gn Rellenitas Fresa x 8 x 5 pack,77323583
77587586,Gn Rellenitas Limon x 8 x 5 pack,Gn Rellenitas Limon x 8 x 5 pack,77587586
77053314,Gn Rellenitas Lucuma x 8 x 5,Gn Rellenitas Lucuma x 8 x 5,77053314
77167619,Huancaina A la Cena 17.06oz (400gr) x 12,Huancaina A la Cena 17.06oz (400gr) x 12,77167619
77068550,Inca Kola Diet Lata 12oz x 24,Inca Kola Diet Lata 12oz x 24,77068550
77086604,Inca Kola Plastico 2Lt x 8,Inca Kola Plastico 2Lt x 8,77086604
77345927,Inca Kola Regular  x 24 Latas,Inca Kola Regular  x 24 Latas,77345927
77557873,Inca Kola Regular x 12 latas,Inca Kola Regular x 12 latas,77557873
77828376,Inca Kola Vidrio x 24,Inca Kola Vidrio x 24,77828376
77391025,Kikko Siyau 500ml x 30,Kikko Siyau 500ml x 30,77391025
77738811,Kikko Siyau 5L,Kikko Siyau 5L,77738811
77778052,KIRMA - Café Instantaneo - Instant Coffee,KIRMA - Café Instantaneo - Instant Coffee,77778052
77416748,Kola Inglesa 12oz x 24,Kola Inglesa 12oz x 24,77416748
77430211,Lam's Chifles dulce en tiras 2.1oz x 24,Lam's Chifles dulce en tiras 2.1oz x 24,77430211
77140956,Lam's Chifles salado en tiras 2.5oz x 24,Lam's Chifles salado en tiras 2.5oz x 24,77140956
77944171,Lam's Patacones / Tostones Dulce 4oz x 24,Lam's Patacones / Tostones Dulce 4oz x 24,77944171
77911685,Lam's Patacones / Tostones picante 4oz x 24,Lam's Patacones / Tostones picante 4oz x 24,77911685
77263143,Lam's Patacones / Tostones Regular 4oz x 24,Lam's Patacones / Tostones Regular 4oz x 24,77263143
77442939,Leche condensada BONLE lata 14oz x 24,Leche condensada BONLE lata 14oz x 24,77442939
77266610,Leche evaporada BONLE 12oz x 24,Leche evaporada BONLE 12oz x 24,77266610
77941767,Leche evaporada Gloria 13oz Lata x 24,Leche evaporada Gloria 13oz Lata x 24,77941767
77580365,Los Nietitos - Dulce de Leche,Los Nietitos - Dulce de Leche,77580365
77823755,Maiz Atomico con Maca 125gr x 20 bolsas,Maiz Atomico con Maca 125gr x 20 bolsas,77823755
77292077,Maiz Atomico Imperial con Miel 125gr x 20 bolsas,Maiz Atomico Imperial con Miel 125gr x 20 bolsas,77292077
77427042,Mani Confitado Belmont x 25,Mani Confitado Belmont x 25,77427042
77441611,Mayonesa a la Cena 17.06oz (400gr) x 12,Mayonesa a la Cena 17.06oz (400gr) x 12,77441611
77640050,Morocho Partido / Granulated White Corn,Morocho Partido / Granulated White Corn,77640050
77658592,Panela Redonda,Panela Redonda,77658592
77664773,Paneton Donofrio 6/31.04 oz,Paneton Donofrio 6/31.04 oz,77664773
77361783,Paneton TODINNO 900gr x 6,Paneton TODINNO 900gr x 6,77361783
77009529,Peru Chef Aceituna Verde Despepitada 11.83 Oz,Peru Chef Aceituna Verde Despepitada 11.83 Oz,77009529
77122510,Peru Chef Aceitunas Botija Sin Pepa 20 Oz X 12,Peru Chef Aceitunas Botija Sin Pepa 20 Oz X 12,77122510
77568993,Peru Chef Aceitunas Negras 20 Oz X 12,Peru Chef Aceitunas Negras 20 Oz X 12,77568993
77896165,Peru Chef Aderezo Papa Pollada 10.5 Oz X12,Peru Chef Aderezo Papa Pollada 10.5 Oz X12,77896165
77042607,Peru Chef Aderezo Para Pachamanca 10 5 Oz x 12 frascos,Peru Chef Aderezo Para Pachamanca 10 5 Oz x 12 frascos,77042607
77461257,Peru Chef Aderezo Para Pavo 10.5 Oz X 12,Peru Chef Aderezo Para Pavo 10.5 Oz X 12,77461257
77348167,Peru Chef Adobo De Cerdo 10.5 Oz x 12 frascos,Peru Chef Adobo De Cerdo 10.5 Oz x 12 frascos,77348167
77699993,Peru Chef Aji Amarillo 1 Lb X 18,Peru Chef Aji Amarillo 1 Lb X 18,77699993
77853547,Peru Chef Aji Limo 1 Lb X 15 FROZEN,Peru Chef Aji Limo 1 Lb X 15 FROZEN,77853547
77452331,Peru Chef Aji Mirasol 3 oz x 12,Peru Chef Aji Mirasol 3 oz x 12,77452331
77875761,Peru Chef Aji Panca Molido 70 G X 12,Peru Chef Aji Panca Molido 70 G X 12,77875761
77283793,Peru Chef Aji Parrillero 11oz x 12,Peru Chef Aji Parrillero 11oz x 12,77283793
77430754,Peru Chef Algarrobina17oz x 12,Peru Chef Algarrobina17oz x 12,77430754
77230292,Peru Chef Base Para Arroz C/ Mariscos 11 Oz X 12,Peru Chef Base Para Arroz C/ Mariscos 11 Oz X 12,77230292
77225588,Peru Chef Cebada Tostada 15oz x 10,Peru Chef Cebada Tostada 15oz x 10,77225588
77102396,Peru Chef Cedron filtrante X 20,Peru Chef Cedron filtrante X 20,77102396
77366629,Peru Chef Chancapiedra 1.41 Oz X 12,Peru Chef Chancapiedra 1.41 Oz X 12,77366629
77036546,Peru Chef Chicha De Jora 1 L X 12,Peru Chef Chicha De Jora 1 L X 12,77036546
77110025,Peru Chef Chicha Morada display 20gr x 12 sobres,Peru Chef Chicha Morada display 20gr x 12 sobres,77110025
77838324,Peru Chef Choclo Desgranado 1 Lb X 30 FROZEN,Peru Chef Choclo Desgranado 1 Lb X 30 FROZEN,77838324
77720302,Peru Chef Choclo Desgranado 3 Lb X 10 FROZEN,Peru Chef Choclo Desgranado 3 Lb X 10 FROZEN,77720302
77677492,Peru Chef Chuño Blanco Entero 15 Oz X 8,Peru Chef Chuño Blanco Entero 15 Oz X 8,77677492
77334067,Peru Chef Crema De Aji P/Ceviche 10.5 oz x 12,Peru Chef Crema De Aji P/Ceviche 10.5 oz x 12,77334067
77663579,Peru Chef Digestivo x 20 filtrante,Peru Chef Digestivo x 20 filtrante,77663579
77770663,Peru Chef display Mazamorra Morada 150 G x 12,Peru Chef display Mazamorra Morada 150 G x 12,77770663
77316781,Peru Chef Emoliente 5.3 Oz X 12,Peru Chef Emoliente 5.3 Oz X 12,77316781
77464433,Peru Chef Emoliente bebida 1Lt x 12,Peru Chef Emoliente bebida 1Lt x 12,77464433
77207945,Peru Chef Esencia De Vainilla 100ml x 24,Peru Chef Esencia De Vainilla 100ml x 24,77207945
77792431,Peru Chef Eucalipto filtrante x 20,Peru Chef Eucalipto filtrante x 20,77792431
77272889,Peru Chef filtrante Manzanilla x 20,Peru Chef filtrante Manzanilla x 20,77272889
77505677,Peru Chef filtrante Sen x 20,Peru Chef filtrante Sen x 20,77505677
77630491,Peru Chef filtrante Sueño Profundo x 20,Peru Chef filtrante Sueño Profundo x 20,77630491
77056766,Peru Chef filtrante Te Verde Con Piña x 20,Peru Chef filtrante Te Verde Con Piña x 20,77056766
77776946,Peru Chef filtrante Toronjil x 20,Peru Chef filtrante Toronjil x 20,77776946
77677636,Peru Chef Frijol Castilla 15oz x 12,Peru Chef Frijol Castilla 15oz x 12,77677636
77063278,Peru Chef Frijol Panamito 15oz x 12,Peru Chef Frijol Panamito 15oz x 12,77063278
77437684,Peru Chef Habas Peladas 15 Oz X 12 bolsas,Peru Chef Habas Peladas 15 Oz X 12 bolsas,77437684
77061883,Peru Chef Harina De Arverja 15 Oz X 12,Peru Chef Harina De Arverja 15 Oz X 12,77061883
77968618,Peru Chef Harina de Chuño 15 Oz X 12,Peru Chef Harina de Chuño 15 Oz X 12,77968618
77793653,Peru Chef Hierba Luisa x 20 filtrante x 12 cajas,Peru Chef Hierba Luisa x 20 filtrante x 12 cajas,77793653
77212654,Peru Chef Hongos Y Laurel 1.57oz x 12,Peru Chef Hongos Y Laurel 1.57oz x 12,77212654
77959027,Peru Chef Jarabe De Goma 17oz x 12,Peru Chef Jarabe De Goma 17oz x 12,77959027
77741186,Peru chef Kion Molido 60 G X 12,Peru chef Kion Molido 60 G X 12,77741186
77836577,Peru Chef Kiwicha 15oz x 12,Peru Chef Kiwicha 15oz x 12,77836577
77335156,Peru Chef Maiz Cancha Montaña15 Oz X 10,Peru Chef Maiz Cancha Montaña15 Oz X 10,77335156
77112802,PERU CHEF Maiz Chulpe 15oz x 12,PERU CHEF Maiz Chulpe 15oz x 12,77112802
77336615,Peru Chef Maiz Morado 15 Oz X 22,Peru Chef Maiz Morado 15 Oz X 22,77336615
77466568,Peru Chef Maiz Mote Pelado 15 Oz X 12,Peru Chef Maiz Mote Pelado 15 Oz X 12,77466568
77004464,Peru Chef Maracuya jugo / Passion friut juice 1Lt x 12,Peru Chef Maracuya jugo / Passion friut juice 1Lt x 12,77004464
77619444,Peru Chef Miel de Chancaca 17oz x 12,Peru Chef Miel de Chancaca 17oz x 12,77619444
77691847,PERU CHEF Muña x 20 filtrante,PERU CHEF Muña x 20 filtrante,77691847
77888199,Peru Chef Olluco Cortado 1 Lb X 20,Peru Chef Olluco Cortado 1 Lb X 20,77888199
77351533,Peru Chef Oregano Entero 30 G X 12,Peru Chef Oregano Entero 30 G X 12,77351533
77763322,Peru Chef Palillo Molido75gr x 12,Peru Chef Palillo Molido75gr x 12,77763322
77226743,Peru Chef Pallares 15oz x 12,Peru Chef Pallares 15oz x 12,77226743
77983750,Peru Chef Paneton 900 G X 6,Peru Chef Paneton 900 G X 6,77983750
77820934,Peru Chef Papa Amarilla 1 Lb X 26 FROZEN,Peru Chef Papa Amarilla 1 Lb X 26 FROZEN,77820934
77172526,Peru Chef Papa Huayro 2Lb,Peru Chef Papa Huayro 2Lb,77172526
77672173,Peru Chef Papa Seca Amarilla 12oz x 8,Peru Chef Papa Seca Amarilla 12oz x 8,77672173
77899570,Peru Chef Papa Seca Serrana 15 Oz X 10,Peru Chef Papa Seca Serrana 15 Oz X 10,77899570
77476918,Peru Chef Pasta Aji Amarillo 116 oz,Peru Chef Pasta Aji Amarillo 116 oz,77476918
77722008,Peru Chef Pasta Aji Amarillo 16 oz x 12,Peru Chef Pasta Aji Amarillo 16 oz x 12,77722008
77161813,Peru Chef Pasta Aji Amarillo Poco Pic 16oz X 12,Peru Chef Pasta Aji Amarillo Poco Pic 16oz X 12,77161813
77342867,Peru Chef Pasta Aji Amarillo Poco Picante 116oz,Peru Chef Pasta Aji Amarillo Poco Picante 116oz,77342867
77726493,Peru Chef Pasta Aji Amarillo Poco Picante11oz x 12,Peru Chef Pasta Aji Amarillo Poco Picante11oz x 12,77726493
77761390,Peru Chef Pasta Aji Panca 16 oz x 12,Peru Chef Pasta Aji Panca 16 oz x 12,77761390
77096627,Peru Chef Pasta Aji Panca 8 Oz X 12,Peru Chef Pasta Aji Panca 8 Oz X 12,77096627
77888344,Peru Chef Pasta Aji Panca Poco Pic 16 Oz X 12,Peru Chef Pasta Aji Panca Poco Pic 16 Oz X 12,77888344
77568733,Peru Chef Pasta Aji Panca Poco Picante 11 oz x 12,Peru Chef Pasta Aji Panca Poco Picante 11 oz x 12,77568733
77879989,Peru Chef Pasta Aji Panca Poco Picante 116 oz,Peru Chef Pasta Aji Panca Poco Picante 116 oz,77879989
77141400,Peru Chef Pasta Ajos 16oz x 12,Peru Chef Pasta Ajos 16oz x 12,77141400
77593058,Peru Chef Pasta Rocoto 116 oz,Peru Chef Pasta Rocoto 116 oz,77593058
77973355,Peru Chef Pasta Rocoto 16 Oz X 12,Peru Chef Pasta Rocoto 16 Oz X 12,77973355
77541648,Peru Chef Pasta Rocoto 8 Oz X 12,Peru Chef Pasta Rocoto 8 Oz X 12,77541648
77396543,Peru Chef Quinua Real 15oz x 12,Peru Chef Quinua Real 15oz x 12,77396543
77674121,Peru Chef Rocoto En Mitades lata 20oz x12,Peru Chef Rocoto En Mitades lata 20oz x12,77674121
77322944,Peru Chef Rocoto En Salmuera 20oz x 12,Peru Chef Rocoto En Salmuera 20oz x 12,77322944
77171967,Peru Chef Rocoto FROZEN 1 Lb X 18,Peru Chef Rocoto FROZEN 1 Lb X 18,77171967
77696460,Peru Chef Salsa Aji Amarillo 10.5oz x 12,Peru Chef Salsa Aji Amarillo 10.5oz x 12,77696460
77198370,Peru Chef Salsa Aji Amarillo C/Huacatay 10.5 Oz X 12,Peru Chef Salsa Aji Amarillo C/Huacatay 10.5 Oz X 12,77198370
77041123,Peru Chef Salsa Aji Criollo 10.5 oz x 12,Peru Chef Salsa Aji Criollo 10.5 oz x 12,77041123
77189696,Peru Chef Salsa De Aji Charapita 11oz x 12,Peru Chef Salsa De Aji Charapita 11oz x 12,77189696
77460434,Peru Chef Salsa De Aji Limo 11oz x 12,Peru Chef Salsa De Aji Limo 11oz x 12,77460434
77724672,Peru Chef Salsa de Aji Limo con Rocoto 10.5oz x 12,Peru Chef Salsa de Aji Limo con Rocoto 10.5oz x 12,77724672
77569454,Peru Chef Salsa Rocoto 10.5 Oz X 12,Peru Chef Salsa Rocoto 10.5 Oz X 12,77569454
77942005,Peru Chef Semola 15oz x 12,Peru Chef Semola 15oz x 12,77942005
77236842,Peru Chef Snack Cancha Chulpi Salada 100gr x 20,Peru Chef Snack Cancha Chulpi Salada 100gr x 20,77236842
77901151,Peru Chef Snack Cancha Serrana Salada 100gr x 20 bolsas,Peru Chef Snack Cancha Serrana Salada 100gr x 20 bolsas,77901151
77025429,Peru Chef Snack Habas Saladas 100gr x 20 bolsas,Peru Chef Snack Habas Saladas 100gr x 20 bolsas,77025429
77024448,Peru Chef Trigo Pelado 15 Oz X 12,Peru Chef Trigo Pelado 15 Oz X 12,77024448
77649420,Peru Chef Tuco 70gr x 12,Peru Chef Tuco 70gr x 12,77649420
77065888,Peru Chef Turron De Doña Pepa 500gr,Peru Chef Turron De Doña Pepa 500gr,77065888
77066863,Peru Chef Yuca Amarilla 1.5Lb x 18 bolsas,Peru Chef Yuca Amarilla 1.5Lb x 18 bolsas,77066863
77957250,Peru Chef Zapallo Loche 1Lb,Peru Chef Zapallo Loche 1Lb,77957250
77488824,Provenzal Aji De Gallina 100gr x 10,Provenzal Aji De Gallina 100gr x 10,77488824
77216991,Provenzal Arroz Con Pollo/Seco/Aguadito 58 gr x 10,Provenzal Arroz Con Pollo/Seco/Aguadito 58 gr x 10,77216991
77285170,Provenzal Carapulcra 150gr x 6,Provenzal Carapulcra 150gr x 6,77285170
77969034,Provenzal Cau Cau 60gr x 12,Provenzal Cau Cau 60gr x 12,77969034
77782874,Provenzal Ceviche Base 30gr x 20,Provenzal Ceviche Base 30gr x 20,77782874
77803975,Provenzal Huancaina 64gr x 12,Provenzal Huancaina 64gr x 12,77803975
77424552,Provenzal Ocopa 70gr x 12,Provenzal Ocopa 70gr x 12,77424552
77176193,Provenzal Olluquito 78gr x 6,Provenzal Olluquito 78gr x 6,77176193
77027865,Provenzal Picarones Con Miel 165gr x 12,Provenzal Picarones Con Miel 165gr x 12,77027865
77349307,Provenzal Sopa A La Minuta 78gr x 10,Provenzal Sopa A La Minuta 78gr x 10,77349307
77640515,Quick Oats / Avena,Quick Oats / Avena,77640515
77215173,San Jorge Galleta Soda  40gr  x 7 x 4,San Jorge Galleta Soda  40gr  x 7 x 4,77215173
77272306,San Jorge Municion 450gr x 6,San Jorge Municion 450gr x 6,77272306
77790905,San Jose Turron De Doña Pepa x 500gr,San Jose Turron De Doña Pepa x 500gr,77790905
77626609,Sancocho Colombiano / Vegetables Mix 2Lb x 6,Sancocho Colombiano / Vegetables Mix 2Lb x 6,77626609
77706615,Sayon Galletas Tejanas 480gr x 8,Sayon Galletas Tejanas 480gr x 8,77706615
77014587,Sazon Completo - Complete Seasoning 500gr x 15,Sazon Completo - Complete Seasoning 500gr x 15,77014587
77391480,SIBARITA - Aji Panca Sazonador sin picante  6 sobres x 50,SIBARITA - Aji Panca Sazonador sin picante  6 sobres x 50,77391480
77232429,SIBARITA - Ajo / Garlic 8.8oz x 12,SIBARITA - Ajo / Garlic 8.8oz x 12,77232429
77437159,SIBARITA - Ajo / Garlic Family Pack 19.4oz x 12,SIBARITA - Ajo / Garlic Family Pack 19.4oz x 12,77437159
77026457,SIBARITA - Amarillin Doypack  19.4oz x 12,SIBARITA - Amarillin Doypack  19.4oz x 12,77026457
77045716,SIBARITA - Amarillin Doypack 8.8oz x 12,SIBARITA - Amarillin Doypack 8.8oz x 12,77045716
77452402,SIBARITA - Panquita Doypack 12 x 19.4 oz,SIBARITA - Panquita Doypack 12 x 19.4 oz,77452402
77132690,SIBARITA - Panquita Doypack 8.8oz x 12,SIBARITA - Panquita Doypack 8.8oz x 12,77132690
77568218,SIBARITA - Tuco Tallarin 6 sobres x 50 / 1.64oz x 50,SIBARITA - Tuco Tallarin 6 sobres x 50 / 1.64oz x 50,77568218
77420247,SIBARITA - Vinagre Blanco - White Vinegar 16.91oz x 12,SIBARITA - Vinagre Blanco - White Vinegar 16.91oz x 12,77420247
77020521,SIBARITA - Vinagre Blanco - White Vinegar 1L x 12,SIBARITA - Vinagre Blanco - White Vinegar 1L x 12,77020521
77366315,SIBARITA - Vinagre Tinto - Red Vinegar 1L x 12,SIBARITA - Vinagre Tinto - Red Vinegar 1L x 12,77366315
77742413,SIBARITA Vinagre Tinto - Red Vinegar 16.91oz  x 12 botella,SIBARITA Vinagre Tinto - Red Vinegar 16.91oz  x 12 botella,77742413
77375050,SOL DEL CUZCO Tableta sabor a chocolate con canela y clavo para taza 12 x 90gr,SOL DEL CUZCO Tableta sabor a chocolate con canela y clavo para taza 12 x 90gr,77375050
77801429,SOL DEL CUZCO Tableta sabor a chocolate para taza 12 x 90gr,SOL DEL CUZCO Tableta sabor a chocolate para taza 12 x 90gr,77801429
77096881,T.A  Ajo pasta 7.5oz x 24,T.A  Ajo pasta 7.5oz x 24,77096881
77803197,T.A  Choclo Entero / Corn on the Cob 4 x 10 FROZEN,T.A  Choclo Entero / Corn on the Cob 4 x 10 FROZEN,77803197
77384992,T.A Aceituna Botija /Alfonso Olives con pepa 20oz x 12,T.A Aceituna Botija /Alfonso Olives con pepa 20oz x 12,77384992
77956518,T.A Aceituna Botija sin Pepa /Pitted Alfonso Olives 20oz x 12,T.A Aceituna Botija sin Pepa /Pitted Alfonso Olives 20oz x 12,77956518
77311378,T.A Achocha / Caigua 16oz x 12 FROZEN,T.A Achocha / Caigua 16oz x 12 FROZEN,77311378
77769722,T.A Aji Amarillo Balde 7.5Lb,T.A Aji Amarillo Balde 7.5Lb,77769722
77045230,T.A Aji Amarillo con Huacatay 7.5oz x 24,T.A Aji Amarillo con Huacatay 7.5oz x 24,77045230
77014961,T.A Aji Amarillo en Lata /Whole Yellow Hot Pepper,T.A Aji Amarillo en Lata /Whole Yellow Hot Pepper,77014961
77691111,T.A Aji Amarillo FROZEN 16oz x 20,T.A Aji Amarillo FROZEN 16oz x 20,77691111
77840110,T.A Aji Amarillo Pasta 10.5oz X 12,T.A Aji Amarillo Pasta 10.5oz X 12,77840110
77872598,T.A Aji Amarillo Pasta 15oz X 12,T.A Aji Amarillo Pasta 15oz X 12,77872598
77913221,T.A Aji Amarillo Pasta 7.5oz x 24,T.A Aji Amarillo Pasta 7.5oz x 24,77913221
77765506,T.A Aji Amarillo Salmuera /Whole Yellow Hot Pepper 12oz x 20,T.A Aji Amarillo Salmuera /Whole Yellow Hot Pepper 12oz x 20,77765506
77548274,T.A Aji Amarillo sin Pepas 2Lb x 8,T.A Aji Amarillo sin Pepas 2Lb x 8,77548274
77218478,T.A Aji Amarillo sin Picante 15oz x 12,T.A Aji Amarillo sin Picante 15oz x 12,77218478
77449005,T.A Aji Amarillo sin Picante 7.5oz x 24,T.A Aji Amarillo sin Picante 7.5oz x 24,77449005
77361472,T.A Aji Ambateno / Whole Pepper FROZEN 10oz x 16,T.A Aji Ambateno / Whole Pepper FROZEN 10oz x 16,77361472
77346771,T.A Aji Limo / Limo Pepper16oz x 18,T.A Aji Limo / Limo Pepper16oz x 18,77346771
77373261,T.A Aji Mirasol Pasta 7.5oz x 24,T.A Aji Mirasol Pasta 7.5oz x 24,77373261
77463601,T.A Aji Mirasol Seco / Dried Yellow Pepper 2oz x 24,T.A Aji Mirasol Seco / Dried Yellow Pepper 2oz x 24,77463601
77309324,"T.A Aji Panca en Pasta ""Poco Picante"" 7.5oz x 24","T.A Aji Panca en Pasta ""Poco Picante"" 7.5oz x 24",77309324
77568717,"T.A Aji Panca Pasta ""Poco Picante"" 10.5oz x 12","T.A Aji Panca Pasta ""Poco Picante"" 10.5oz x 12",77568717
77681020,"T.A Aji Panca Pasta ""Poco Picante"" 15oz x 12","T.A Aji Panca Pasta ""Poco Picante"" 15oz x 12",77681020
77606738,T.A Aji Panca Pasta /Panca Pepper Paste 15oz x 12,T.A Aji Panca Pasta /Panca Pepper Paste 15oz x 12,77606738
77516231,T.A Aji Panca Pasta 10.5oz x 12,T.A Aji Panca Pasta 10.5oz x 12,77516231
77679856,T.A Aji Panca Pasta 7.5oz x 24,T.A Aji Panca Pasta 7.5oz x 24,77679856
77094582,T.A Aji Panca Seco / Dried Panca Pepper,T.A Aji Panca Seco / Dried Panca Pepper,77094582
77094792,T.A Albahaca Pasta /Basil Paste 7.5oz x 24,T.A Albahaca Pasta /Basil Paste 7.5oz x 24,77094792
77538611,T.A Anis FILTRANTE 20saq x 30,T.A Anis FILTRANTE 20saq x 30,77538611
77230888,T.A Arracacha / Yellow Cassava FROZEN 16oz x 16,T.A Arracacha / Yellow Cassava FROZEN 16oz x 16,77230888
77621296,T.A Arroz de Cebada/ Barley Rice 15oz x 24,T.A Arroz de Cebada/ Barley Rice 15oz x 24,77621296
77124282,T.A Brevas en Almibar 28oz x 12,T.A Brevas en Almibar 28oz x 12,77124282
77168007,T.A Cancha Corn / Maiz Cancha 15oz x 24,T.A Cancha Corn / Maiz Cancha 15oz x 24,77168007
77923680,T.A Cebada Tostada /Toasted Barley 15oz x 18,T.A Cebada Tostada /Toasted Barley 15oz x 18,77923680
77011077,T.A Chia /Chia Seeds 12oz x 16,T.A Chia /Chia Seeds 12oz x 16,77011077
77054545,T.A Chicha de Jora /Jora Seasoning,T.A Chicha de Jora /Jora Seasoning,77054545
77765782,T.A Chicha Morada bebida / Purple Corn Drink 1L x 12,T.A Chicha Morada bebida / Purple Corn Drink 1L x 12,77765782
77885147,T.A Chicha Morada bebida /Purple Corn Drink botella16oz x 12,T.A Chicha Morada bebida /Purple Corn Drink botella16oz x 12,77885147
77394762,T.A Choclo desgranado / Corn in Grain 16oz x 30 FROZEN,T.A Choclo desgranado / Corn in Grain 16oz x 30 FROZEN,77394762
77011685,T.A Choclo desgranado / Corn in Grain FROZEN  4Lb x 10,T.A Choclo desgranado / Corn in Grain FROZEN  4Lb x 10,77011685
77534898,T.A Choclo Entero / Corn on the Cob 2 x 18 FROZEN,T.A Choclo Entero / Corn on the Cob 2 x 18 FROZEN,77534898
77400093,T.A Choclo Entero / Corn on the Cob x 6 x 7 FROZEN,T.A Choclo Entero / Corn on the Cob x 6 x 7 FROZEN,77400093
77536586,T.A Chulpe Corn / Maiz Chulpe (Family Pack) 54OZ X 6,T.A Chulpe Corn / Maiz Chulpe (Family Pack) 54OZ X 6,77536586
77615179,T.A Chuño Entero Blanco / White Potato Starch 15oz x 18,T.A Chuño Entero Blanco / White Potato Starch 15oz x 18,77615179
77274340,T.A Culantro Pasta / Coriander Paste 7.5oz x 24,T.A Culantro Pasta / Coriander Paste 7.5oz x 24,77274340
77485909,T.A Discos de Yuca / Cassava Dough 13.75oz x 24,T.A Discos de Yuca / Cassava Dough 13.75oz x 24,77485909
77502849,T.A Durazno en Almibar / Peach Halves in heavy Syrup 290z x 12,T.A Durazno en Almibar / Peach Halves in heavy Syrup 290z x 12,77502849
77055993,T.A Emoliente / Emolient 3.5oz x 20,T.A Emoliente / Emolient 3.5oz x 20,77055993
77122323,T.A Guinea pig - Cuy,T.A Guinea pig - Cuy,77122323
77834483,T.A Habas Fritas Saladas/  Broad Beans Snacks 130gr x 12,T.A Habas Fritas Saladas/  Broad Beans Snacks 130gr x 12,77834483
77207046,T.A Habas Verdes / Fava Beans 28oz x 20 bolsas,T.A Habas Verdes / Fava Beans 28oz x 20 bolsas,77207046
77345317,T.A Harina de Chuño / Potato Starch Flour 12oz x 24,T.A Harina de Chuño / Potato Starch Flour 12oz x 24,77345317
77306937,T.A Harina de Maca /Maca Flour 7oz x 24,T.A Harina de Maca /Maca Flour 7oz x 24,77306937
77446265,T.A Harina de Quinua /Quinua Flour (Instant) 12oz x 12,T.A Harina de Quinua /Quinua Flour (Instant) 12oz x 12,77446265
77031639,T.A Harina Linaza /Flax seed Flour 7.5oz x 24,T.A Harina Linaza /Flax seed Flour 7.5oz x 24,77031639
77259130,T.A Hierbaluisa filtrante - Lemon Grass Tea 20 x 30,T.A Hierbaluisa filtrante - Lemon Grass Tea 20 x 30,77259130
77808155,T.A Hojuela de Quinua / Quinua Flakes,T.A Hojuela de Quinua / Quinua Flakes,77808155
77871106,T.A Huacatay / Black Mint 12oz x 24 FROZEN,T.A Huacatay / Black Mint 12oz x 24 FROZEN,77871106
77057116,T.A Huacatay Pasta / Black Mint Paste 7.5oz,T.A Huacatay Pasta / Black Mint Paste 7.5oz,77057116
77418557,T.A Linaza /Flax Seed 15oz x 24,T.A Linaza /Flax Seed 15oz x 24,77418557
77033478,T.A Lomitos de Atún en Aceite / Solid Tuna in Oil  - 3 PACK (SMALL),T.A Lomitos de Atún en Aceite / Solid Tuna in Oil  - 3 PACK (SMALL),77033478
77930941,T.A Lomitos de Atún en Aceite / Solid TUNA in Oil 5oz x 48,T.A Lomitos de Atún en Aceite / Solid TUNA in Oil 5oz x 48,77930941
77752308,T.A Maiz Cancha (Family Pack) /Cancha Corn 54oz x 6,T.A Maiz Cancha (Family Pack) /Cancha Corn 54oz x 6,77752308
77179768,T.A Maiz Cancha Frito Salado / Native Corn Snack 130gr x12,T.A Maiz Cancha Frito Salado / Native Corn Snack 130gr x12,77179768
77251119,T.A Maiz Cancha saco 50Lb,T.A Maiz Cancha saco 50Lb,77251119
77984971,T.A Maiz Carhuay (Family Pack) / Carhuay Corn 54oz x 6,T.A Maiz Carhuay (Family Pack) / Carhuay Corn 54oz x 6,77984971
77774365,T.A Maiz Chulpe /Chulpe Corn 15oz x 24,T.A Maiz Chulpe /Chulpe Corn 15oz x 24,77774365
77419991,T.A Maiz Chulpe Saco,T.A Maiz Chulpe Saco,77419991
77507506,T.A Maiz Chulpi frito Salado/ Chulpi Corn Snack 130gr x 12,T.A Maiz Chulpi frito Salado/ Chulpi Corn Snack 130gr x 12,77507506
77178426,T.A Maiz Desgranado (INST) / Corn in Grain 48oz x13,T.A Maiz Desgranado (INST) / Corn in Grain 48oz x13,77178426
77185876,T.A Maiz gigante frito picante - Spicy and crunchy giant corn,T.A Maiz gigante frito picante - Spicy and crunchy giant corn,77185876
77202445,T.A Maiz Gigante Frito Salado/ Giant Corn Snacks 130gr x 12,T.A Maiz Gigante Frito Salado/ Giant Corn Snacks 130gr x 12,77202445
77827208,T.A Maiz Morado (Family Pack) /Purple Corn 40OZ X 6,T.A Maiz Morado (Family Pack) /Purple Corn 40OZ X 6,77827208
77685337,T.A Maiz Morado /Purple Corn 15oz x 16,T.A Maiz Morado /Purple Corn 15oz x 16,77685337
77273703,T.A Maiz Morado /Purple Corn 50Lb saco,T.A Maiz Morado /Purple Corn 50Lb saco,77273703
77079171,T.A Mix Andino Snack / Andean Mix Snack 130gr x 12,T.A Mix Andino Snack / Andean Mix Snack 130gr x 12,77079171
77813510,T.A Mora en Fruta - Blackberry FROZEN 28oz x 12,T.A Mora en Fruta - Blackberry FROZEN 28oz x 12,77813510
77519620,T.A Motas de Guanabana en Almibar 790gr x 12,T.A Motas de Guanabana en Almibar 790gr x 12,77519620
77388970,T.A Mote Pelado (Family Pack) /Peeled Mote Corn 54oz x 6,T.A Mote Pelado (Family Pack) /Peeled Mote Corn 54oz x 6,77388970
77029192,T.A Mote Pelado Saco 50lb,T.A Mote Pelado Saco 50lb,77029192
77975592,T.A Nectar de Maracuya bebida 16oz x 12,T.A Nectar de Maracuya bebida 16oz x 12,77975592
77933813,T.A Olluco cortado / Sliced Ollucos 16oz x 20,T.A Olluco cortado / Sliced Ollucos 16oz x 20,77933813
77122183,T.A Olluco en Lata /Whole Ollucus 20oz x 24,T.A Olluco en Lata /Whole Ollucus 20oz x 24,77122183
77266819,T.A Pallares /Lima Beans 15oz x 24,T.A Pallares /Lima Beans 15oz x 24,77266819
77190217,T.A Papa Amarilla / Yellow Potato 16oz x 20 FROZEN,T.A Papa Amarilla / Yellow Potato 16oz x 20 FROZEN,77190217
77883297,T.A Papa Criolla / Yellow Potato 2Lb x 12,T.A Papa Criolla / Yellow Potato 2Lb x 12,77883297
77694885,T.A Papa Seca Amarilla  / Yelow Dried Potato 15oz x 18,T.A Papa Seca Amarilla  / Yelow Dried Potato 15oz x 18,77694885
77104622,T.A Papa Seca Amarilla (Family Pack) /Yelow Dried Potato 40oz x 6,T.A Papa Seca Amarilla (Family Pack) /Yelow Dried Potato 40oz x 6,77104622
77641445,T.A Papa Seca Negra (Family Pack) / Black Dried Potato 54oz x 5,T.A Papa Seca Negra (Family Pack) / Black Dried Potato 54oz x 5,77641445
77446638,T.A Papa Seca Negra / Dried Potato 15OZ X 18,T.A Papa Seca Negra / Dried Potato 15OZ X 18,77446638
77811791,T.A Peeled Mote Corn / Mote Pelado 15oz x 24,T.A Peeled Mote Corn / Mote Pelado 15oz x 24,77811791
77694511,T.A Platanitos fritos salados / chifles - Salted Plantain Chips,T.A Platanitos fritos salados / chifles - Salted Plantain Chips,77694511
77769061,T.A Pulpa de Guanabana / Soursop Pulpa 14oz x 12,T.A Pulpa de Guanabana / Soursop Pulpa 14oz x 12,77769061
77320665,T.A Pulpa De Lucuma / Lucuma  Pulp 12oz x 20,T.A Pulpa De Lucuma / Lucuma  Pulp 12oz x 20,77320665
77061183,T.A Pulpa de Maracuya / Passion Fruit pulp14oz x 12 FROZEN,T.A Pulpa de Maracuya / Passion Fruit pulp14oz x 12 FROZEN,77061183
77168666,T.A Pulpa de Maracuya con pepas / Passion fruit pulp with Seeds,T.A Pulpa de Maracuya con pepas / Passion fruit pulp with Seeds,77168666
77722931,T.A Quinoa Blanca  /White  Quinoa,T.A Quinoa Blanca  /White  Quinoa,77722931
77962967,T.A Quinoa Negra  / Black  Quinoa14oz x 12,T.A Quinoa Negra  / Black  Quinoa14oz x 12,77962967
77408148,T.A Quinoa Tricolor  / Tri-Color Quinoa14oz x 12,T.A Quinoa Tricolor  / Tri-Color Quinoa14oz x 12,77408148
77516268,T.A Quinua /Quinoa 15oz x 24,T.A Quinua /Quinoa 15oz x 24,77516268
77350202,T.A Rocoto en Lata /Red Hot Peppers Halves,T.A Rocoto en Lata /Red Hot Peppers Halves,77350202
77015086,T.A Rocoto en pasta 7.5oz x 24,T.A Rocoto en pasta 7.5oz x 24,77015086
77068461,T.A Rocoto en Salmuera /Red Hot Peppers Halves,T.A Rocoto en Salmuera /Red Hot Peppers Halves,77068461
77093475,T.A Rocoto Entero / Red Hot Pepper FROZEN 16oz x 20,T.A Rocoto Entero / Red Hot Pepper FROZEN 16oz x 20,77093475
77661188,T.A Rocoto Pasta 10.5oz x 12,T.A Rocoto Pasta 10.5oz x 12,77661188
77027029,T.A Rocoto Pasta 15oz X 12,T.A Rocoto Pasta 15oz X 12,77027029
77226127,T.A Salsa Parrillera /BBQ Seasoning 15oz x 12,T.A Salsa Parrillera /BBQ Seasoning 15oz x 12,77226127
77368834,T.A Salsa Pollo A La Brasa /Grill Chicken Seasoning 15oz x 12,T.A Salsa Pollo A La Brasa /Grill Chicken Seasoning 15oz x 12,77368834
77328189,T.A Sardinas en Salsa de tomate / Sardines en tomato sauce 15oz x 24,T.A Sardinas en Salsa de tomate / Sardines en tomato sauce 15oz x 24,77328189
77107577,T.A Sardinas en Salsa de Tomate Tinapa / Sardines in Tomato Sauce 5.46oz x 50,T.A Sardinas en Salsa de Tomate Tinapa / Sardines in Tomato Sauce 5.46oz x 50,77107577
77871175,T.A Semola /Semolina 15oz x 24,T.A Semola /Semolina 15oz x 24,77871175
77758003,T.A Te con canela y clavo - Cinnamon and Clove filtrante 24gr x 20 x 30,T.A Te con canela y clavo - Cinnamon and Clove filtrante 24gr x 20 x 30,77758003
77491673,T.A Trigo  Resbalado/Hulled Wheat 15oz x 24,T.A Trigo  Resbalado/Hulled Wheat 15oz x 24,77491673
77722076,T.A Trigo Trigo Pelado/Peeled Wheat 15oz x 24,T.A Trigo Trigo Pelado/Peeled Wheat 15oz x 24,77722076
77263277,T.A. Ajo Pasta - Ajo en Pasta /Garlic Paste 15oz X 12,T.A. Ajo Pasta - Ajo en Pasta /Garlic Paste 15oz X 12,77263277
77894912,Tari crema de aji A la Cena17.06oz (400gr) x 12,Tari crema de aji A la Cena17.06oz (400gr) x 12,77894912
77336100,Tentacion Galleta Coco 47gr 6 x 8,Tentacion Galleta Coco 47gr 6 x 8,77336100
77305567,Tentacion Galleta Vainilla 47gr 6 x 8,Tentacion Galleta Vainilla 47gr 6 x 8,77305567
77110510,Tradiciones Andinas -  Pimienta Negra /Black Pepper,Tradiciones Andinas -  Pimienta Negra /Black Pepper,77110510
77074897,Tradiciones Andinas - Ajonjoli / Sesame Seeds,Tradiciones Andinas - Ajonjoli / Sesame Seeds,77074897
77779260,Tradiciones Andinas - Algarrobina,Tradiciones Andinas - Algarrobina,77779260
77835053,Tradiciones Andinas - Canela Molida / Ground Cinnamon,Tradiciones Andinas - Canela Molida / Ground Cinnamon,77835053
77196087,Tradiciones Andinas - Comino Molido,Tradiciones Andinas - Comino Molido,77196087
77648935,TRADICIONES ANDINAS - Manzanilla filtrante - Chamomille Tea 24gr x 20 x 30,TRADICIONES ANDINAS - Manzanilla filtrante - Chamomille Tea 24gr x 20 x 30,77648935
77231948,Tradiciones Andinas  Miel de Abeja 500gr x 24,Tradiciones Andinas  Miel de Abeja 500gr x 24,77231948
77688197,Tradiciones Andinas - Orégano Entero / Whole Oregano,Tradiciones Andinas - Orégano Entero / Whole Oregano,77688197
77071097,Tradiciones Andinas - Palillo /Curcuma,Tradiciones Andinas - Palillo /Curcuma,77071097
77431967,Tradiciones Andinas Pimenton / Paprika 1.76oz x 12,Tradiciones Andinas Pimenton / Paprika 1.76oz x 12,77431967
77385035,Trigo Atomico con Maca 125gr x 20,Trigo Atomico con Maca 125gr x 20,77385035
77846422,Trigo Atomico original con Miel 125gr x 20,Trigo Atomico original con Miel 125gr x 20,77846422
77793824,Uchucuta A la Cena 17.06 (400gr) x 12,Uchucuta A la Cena 17.06 (400gr) x 12,77793824
77393173,Universal Bicarbonato de Sodio - Baking soda 100gr x 12,Universal Bicarbonato de Sodio - Baking soda 100gr x 12,77393173
77264192,Universal Chicha Morada / Purple drink instant beverage 120gr x 12,Universal Chicha Morada / Purple drink instant beverage 120gr x 12,77264192
77359761,Universal Chuño / Potato Starch 180gr x 9,Universal Chuño / Potato Starch 180gr x 9,77359761
77795624,Universal Esencia de Vainilla / Vanilla Scent 100ml x 24,Universal Esencia de Vainilla / Vanilla Scent 100ml x 24,77795624
77105269,Universal Flan de Lucuma/ Lucuma Pudin 150gr x 12,Universal Flan de Lucuma/ Lucuma Pudin 150gr x 12,77105269
77945406,Universal Flan de Vainilla / Vanilla Flan 150gr x 12,Universal Flan de Vainilla / Vanilla Flan 150gr x 12,77945406
77512838,Universal Gelatina Limon / Lemon Gelatin 150gr x 12,Universal Gelatina Limon / Lemon Gelatin 150gr x 12,77512838
77816922,Universal Gelatina sin Sabor (Colapiz),Universal Gelatina sin Sabor (Colapiz),77816922
77602044,Universal Grape Gelatin / Gelatina Uva,Universal Grape Gelatin / Gelatina Uva,77602044
77828942,Universal Maicena 180g x 7,Universal Maicena 180g x 7,77828942
77705873,Universal Mazamorra Morada /Purple Pudin 150gr x 12,Universal Mazamorra Morada /Purple Pudin 150gr x 12,77705873
77937229,Universal Mazamorra sabor a Piña / Pineapple flavor pudin 150gr x 12,Universal Mazamorra sabor a Piña / Pineapple flavor pudin 150gr x 12,77937229
77984000,Universal Polvo de Hornear / Baking powder 100gr x 12,Universal Polvo de Hornear / Baking powder 100gr x 12,77984000
77274871,Universal Refresco de Maracuya / Passion fruit instant beverage 120gr x 12,Universal Refresco de Maracuya / Passion fruit instant beverage 120gr x 12,77274871
77113712,Universal Refresco Guanabana / Guava Instant beverage 120gr x 12,Universal Refresco Guanabana / Guava Instant beverage 120gr x 12,77113712
77449833,VALLES ANDINOS Aceite Vegetal con Achiote 440ml x 15,VALLES ANDINOS Aceite Vegetal con Achiote 440ml x 15,77449833
77346859,Valles Andinos Aji Casero 6oz x 24,Valles Andinos Aji Casero 6oz x 24,77346859
77585625,Valles Andinos Aji Peruano 14oz x 12,Valles Andinos Aji Peruano 14oz x 12,77585625
77869879,Valles Andinos Ajo en Pasta /Garlic Paste 16.58oz x 15,Valles Andinos Ajo en Pasta /Garlic Paste 16.58oz x 15,77869879
77928509,Valles Andinos Aliño - Ecuatorian Seasoning 17.64oz x 15,Valles Andinos Aliño - Ecuatorian Seasoning 17.64oz x 15,77928509
77059649,Valles Andinos Arroz de Cebada / Barley Corn 14oz x 18,Valles Andinos Arroz de Cebada / Barley Corn 14oz x 18,77059649
77029359,Valles Andinos Arverjas Verdes 14oz x 24,Valles Andinos Arverjas Verdes 14oz x 24,77029359
77268604,Valles Andinos Canguil / Pop Corn,Valles Andinos Canguil / Pop Corn,77268604
77901820,Valles Andinos Chimichurri - BBQ Sauce 500gr x 15,Valles Andinos Chimichurri - BBQ Sauce 500gr x 15,77901820
77725633,Valles Andinos Chochos en Salmuera 15oz x 12,Valles Andinos Chochos en Salmuera 15oz x 12,77725633
77102265,Valles Andinos Chochos en Salmuera Picantes 17oz x 12,Valles Andinos Chochos en Salmuera Picantes 17oz x 12,77102265
77852326,Valles Andinos Dulces de Higos 20oz X 12,Valles Andinos Dulces de Higos 20oz X 12,77852326
77609876,Valles Andinos Frijol Bocanegra / Black Eye Beans or Bocanegra,Valles Andinos Frijol Bocanegra / Black Eye Beans or Bocanegra,77609876
77767064,Valles Andinos Frijol Canario / Canary Beans,Valles Andinos Frijol Canario / Canary Beans,77767064
77166074,Valles Andinos Frijoles Negros / Black beans 14 oz x 24,Valles Andinos Frijoles Negros / Black beans 14 oz x 24,77166074
77479821,Valles Andinos Habas partidas y Peladas / Split and Peeled Fava Beans 14oz x 14,Valles Andinos Habas partidas y Peladas / Split and Peeled Fava Beans 14oz x 14,77479821
77705827,Valles Andinos Harina de Alverja / Pea Flour,Valles Andinos Harina de Alverja / Pea Flour,77705827
77748874,Valles Andinos Harina de Habas / Faba Beans Flour 14oz x 18,Valles Andinos Harina de Habas / Faba Beans Flour 14oz x 18,77748874
77358125,Valles Andinos Harina de Machica / Roasted Barley Flour,Valles Andinos Harina de Machica / Roasted Barley Flour,77358125
77774445,Valles Andinos Harina de Maiz / Corn Flour,Valles Andinos Harina de Maiz / Corn Flour,77774445
77137308,Valles Andinos Harina de Platano / Plantain Flour,Valles Andinos Harina de Platano / Plantain Flour,77137308
77908625,Valles Andinos Harina Maiz Morado / Purple Corn Flour,Valles Andinos Harina Maiz Morado / Purple Corn Flour,77908625
77881147,Valles Andinos Lentejas 14oz x 24,Valles Andinos Lentejas 14oz x 24,77881147
77255546,Valles Andinos Soya / Soy Beans 14oz x 18 bolsa,Valles Andinos Soya / Soy Beans 14oz x 18 bolsa,77255546
77883004,VARGAS CHEVALIER Jarabe de Goma 750ml x 12 fco vidrio,VARGAS CHEVALIER Jarabe de Goma 750ml x 12 fco vidrio,77883004
77687922,VITAPLUSS - Arrocito con Miel 140gr x 24,VITAPLUSS - Arrocito con Miel 140gr x 24,77687922
77538890,VITAPLUSS - Fideos con Miel 120gr x 20,VITAPLUSS - Fideos con Miel 120gr x 20,77538890
77745696,VITAPLUSS - Maiz expandido con miel 140gr x 24,VITAPLUSS - Maiz expandido con miel 140gr x 24,77745696
77620279,VITAPLUSS - Trigo Expandido con Miel 140gr x 24,VITAPLUSS - Trigo Expandido con Miel 140gr x 24,77620279
77556705,Volt yellow Guarana 16fl oz /15,Volt yellow Guarana 16fl oz /15,77556705
77608574,Walibi Aceitunesa 380gr x 12,Walibi Aceitunesa 380gr x 12,77608574
77379229,Walibi Crema De Rocoto 380gr x 12,Walibi Crema De Rocoto 380gr x 12,77379229
77372072,Walibi Mayonesa,Walibi Mayonesa,77372072
77924008,Walibi Salsa De Aji Criollo 380gr x 12,Walibi Salsa De Aji Criollo 380gr x 12,77924008
77463061,Walibi Salsa Huancaina,Walibi Salsa Huancaina,77463061
77330655,Wasska Base Pisco Sour Chicha Morada 125gr x 9,Wasska Base Pisco Sour Chicha Morada 125gr x 9,77330655
77354476,Wasska Base Pisco Sour Limon 125gr x 9,Wasska Base Pisco Sour Limon 125gr x 9,77354476
77344794,Wasska Base Pisco Sour Mango Con Camucamu 125gr x 9,Wasska Base Pisco Sour Mango Con Camucamu 125gr x 9,77344794
77930705,Wasska Base Pisco Sour Maracuya 125gr x 9,Wasska Base Pisco Sour Maracuya 125gr x 9,77930705
77514542,Winter Ole Ole x 60 x 15,Winter Ole Ole x 60 x 15,77514542
77760127,Winters Ole Ole 225 gr x 50 x 15,Winters Ole Ole 225 gr x 50 x 15,77760127
77135337,WINTER'S Paneton 900gr x 6,WINTER'S Paneton 900gr x 6,77135337
77290658,Winter'S Picaras Chocolate 6 x30,Winter'S Picaras Chocolate 6 x30,77290658
77617585,Yuca Family Pack / Cassava Family Pack 5lb x 6,Yuca Family Pack / Cassava Family Pack 5lb x 6,77617585
